,Unnamed: 0,movieId,title,genres,imdbId,tmdbId
0,0,1,Toy Story (1995),Adventure|Animation|Children|Comedy|Fantasy,114709,862.0
1,1,2,Jumanji (1995),Adventure|Children|Fantasy,113497,8844.0
2,2,3,Grumpier Old Men (1995),Comedy|Romance,113228,15602.0
3,3,4,Waiting to Exhale (1995),Comedy|Drama|Romance,114885,31357.0
4,4,5,Father of the Bride Part II (1995),Comedy,113041,11862.0
5,5,6,Heat (1995),Action|Crime|Thriller,113277,949.0
6,6,7,Sabrina (1995),Comedy|Romance,114319,11860.0
7,7,8,Tom and Huck (1995),Adventure|Children,112302,45325.0
8,8,9,Sudden Death (1995),Action,114576,9091.0
9,9,10,GoldenEye (1995),Action|Adventure|Thriller,113189,710.0
10,10,11,"American President, The (1995)",Comedy|Drama|Romance,112346,9087.0
11,11,12,Dracula: Dead and Loving It (1995),Comedy|Horror,112896,12110.0
12,12,13,Balto (1995),Adventure|Animation|Children,112453,21032.0
13,13,14,Nixon (1995),Drama,113987,10858.0
14,14,15,Cutthroat Island (1995),Action|Adventure|Romance,112760,1408.0
15,15,16,Casino (1995),Crime|Drama,112641,524.0
16,16,17,Sense and Sensibility (1995),Drama|Romance,114388,4584.0
17,17,18,Four Rooms (1995),Comedy,113101,5.0
18,18,19,Ace Ventura: When Nature Calls (1995),Comedy,112281,9273.0
19,19,20,Money Train (1995),Action|Comedy|Crime|Drama|Thriller,113845,11517.0
20,20,21,Get Shorty (1995),Comedy|Crime|Thriller,113161,8012.0
21,21,22,Copycat (1995),Crime|Drama|Horror|Mystery|Thriller,112722,1710.0
22,22,23,Assassins (1995),Action|Crime|Thriller,112401,9691.0
23,23,24,Powder (1995),Drama|Sci-Fi,114168,12665.0
24,24,25,Leaving Las Vegas (1995),Drama|Romance,113627,451.0
25,25,26,Othello (1995),Drama,114057,16420.0
26,26,27,Now and Then (1995),Children|Drama,114011,9263.0
27,27,28,Persuasion (1995),Drama|Romance,114117,17015.0
28,28,29,"City of Lost Children, The (Cité des enfants perdus, La) (1995)",Adventure|Drama|Fantasy|Mystery|Sci-Fi,112682,902.0
29,29,30,Shanghai Triad (Yao a yao yao dao waipo qiao) (1995),Crime|Drama,115012,37557.0
30,30,31,Dangerous Minds (1995),Drama,112792,9909.0
31,31,32,Twelve Monkeys (a.k.a. 12 Monkeys) (1995),Mystery|Sci-Fi|Thriller,114746,63.0
32,32,33,Wings of Courage (1995),Adventure|Romance|IMAX,114952,78802.0
33,33,34,Babe (1995),Children|Drama,112431,9598.0
34,34,35,Carrington (1995),Drama|Romance,112637,47018.0
35,35,36,Dead Man Walking (1995),Crime|Drama,112818,687.0
36,36,37,Across the Sea of Time (1995),Documentary|IMAX,112286,139405.0
37,37,38,It Takes Two (1995),Children|Comedy,113442,33689.0
38,38,39,Clueless (1995),Comedy|Romance,112697,9603.0
39,39,40,"Cry, the Beloved Country (1995)",Drama,112749,34615.0
40,40,41,Richard III (1995),Drama|War,114279,31174.0
41,41,42,Dead Presidents (1995),Action|Crime|Drama,112819,11443.0
42,42,43,Restoration (1995),Drama,114272,35196.0
43,43,44,Mortal Kombat (1995),Action|Adventure|Fantasy,113855,9312.0
44,44,45,To Die For (1995),Comedy|Drama|Thriller,114681,577.0
45,45,46,How to Make an American Quilt (1995),Drama|Romance,113347,11861.0
46,46,47,Seven (a.k.a. Se7en) (1995),Mystery|Thriller,114369,807.0
47,47,48,Pocahontas (1995),Animation|Children|Drama|Musical|Romance,114148,10530.0
48,48,49,When Night Is Falling (1995),Drama|Romance,114916,8391.0
49,49,50,"Usual Suspects, The (1995)",Crime|Mystery|Thriller,114814,629.0
50,50,51,Guardian Angel (1994),Action|Drama|Thriller,109950,117164.0
51,51,52,Mighty Aphrodite (1995),Comedy|Drama|Romance,113819,11448.0
52,52,53,Lamerica (1994),Adventure|Drama,110299,49133.0
53,53,54,"Big Green, The (1995)",Children|Comedy,112499,26441.0
54,54,55,Georgia (1995),Drama,113158,97406.0
55,55,56,Kids of the Round Table (1995),Adventure|Children|Comedy|Fantasy,113541,124057.0
56,56,57,Home for the Holidays (1995),Drama,113321,9089.0
57,57,58,"Postman, The (Postino, Il) (1994)",Comedy|Drama|Romance,110877,11010.0
58,58,59,"Confessional, The (Confessionnal, Le) (1995)",Drama|Mystery,112714,99040.0
59,59,60,"Indian in the Cupboard, The (1995)",Adventure|Children|Fantasy,113419,11359.0
60,60,61,Eye for an Eye (1996),Drama|Thriller,116260,17182.0
61,61,62,Mr. Holland's Opus (1995),Drama,113862,2054.0
62,62,63,Don't Be a Menace to South Central While Drinking Your Juice in the Hood (1996),Comedy|Crime,116126,10607.0
63,63,64,Two if by Sea (1996),Comedy|Romance,118002,19760.0
64,64,65,Bio-Dome (1996),Comedy,115683,9536.0
65,65,66,Lawnmower Man 2: Beyond Cyberspace (1996),Action|Sci-Fi|Thriller,116839,11525.0
66,66,67,Two Bits (1995),Drama,114753,40628.0
67,67,68,French Twist (Gazon maudit) (1995),Comedy|Romance,113149,4482.0
68,68,69,Friday (1995),Comedy,113118,10634.0
69,69,70,From Dusk Till Dawn (1996),Action|Comedy|Horror|Thriller,116367,755.0
70,70,71,Fair Game (1995),Action,113010,11859.0
71,71,72,Kicking and Screaming (1995),Comedy|Drama,113537,28387.0
72,72,73,"Misérables, Les (1995)",Drama|War,113828,48750.0
73,73,74,Bed of Roses (1996),Drama|Romance,115644,20927.0
74,74,75,Big Bully (1996),Comedy|Drama,115676,36929.0
75,75,76,Screamers (1995),Action|Sci-Fi|Thriller,114367,9102.0
76,76,77,Nico Icon (1995),Documentary,113973,124626.0
77,77,78,"Crossing Guard, The (1995)",Action|Crime|Drama|Thriller,112744,27526.0
78,78,79,"Juror, The (1996)",Drama|Thriller,116731,9623.0
79,79,80,"White Balloon, The (Badkonake sefid) (1995)",Children|Drama,112445,46785.0
80,80,81,Things to Do in Denver When You're Dead (1995),Crime|Drama|Romance,114660,400.0
81,81,82,Antonia's Line (Antonia) (1995),Comedy|Drama,112379,880.0
82,82,83,Once Upon a Time... When We Were Colored (1995),Drama|Romance,114039,146599.0
83,83,84,Last Summer in the Hamptons (1995),Comedy|Drama,113612,188588.0
84,84,85,Angels and Insects (1995),Drama|Romance,112365,8447.0
85,85,86,White Squall (1996),Action|Adventure|Drama,118158,10534.0
86,86,87,Dunston Checks In (1996),Children|Comedy,116151,17414.0
87,87,88,Black Sheep (1996),Comedy,115697,13997.0
88,88,89,Nick of Time (1995),Action|Thriller,113972,2086.0
89,89,90,The Journey of August King (1995),Drama,113490,61548.0
90,90,92,Mary Reilly (1996),Drama|Horror|Thriller,117002,9095.0
91,91,93,Vampire in Brooklyn (1995),Comedy|Horror|Romance,114825,12158.0
92,92,94,Beautiful Girls (1996),Comedy|Drama|Romance,115639,9283.0
93,93,95,Broken Arrow (1996),Action|Adventure|Thriller,115759,9208.0
94,94,96,In the Bleak Midwinter (1995),Comedy|Drama,113403,40154.0
95,95,97,"Hate (Haine, La) (1995)",Crime|Drama,113247,406.0
96,96,98,Shopping (1994),Action|Thriller,111173,45549.0
97,97,99,Heidi Fleiss: Hollywood Madam (1995),Documentary,113283,63076.0
98,98,100,City Hall (1996),Drama|Thriller,115907,11062.0
99,99,101,Bottle Rocket (1996),Adventure|Comedy|Crime|Romance,115734,13685.0
100,100,102,Mr. Wrong (1996),Comedy,117102,47475.0
101,101,103,Unforgettable (1996),Mystery|Sci-Fi|Thriller,118040,2045.0
102,102,104,Happy Gilmore (1996),Comedy,116483,9614.0
103,103,105,"Bridges of Madison County, The (1995)",Drama|Romance,112579,688.0
104,104,106,Nobody Loves Me (Keiner liebt mich) (1994),Comedy|Drama,110251,11907.0
105,105,107,Muppet Treasure Island (1996),Adventure|Children|Comedy|Musical,117110,10874.0
106,106,108,Catwalk (1996),Documentary,112646,89333.0
107,107,109,Headless Body in Topless Bar (1995),Comedy|Drama|Thriller,113276,96357.0
108,108,110,Braveheart (1995),Action|Drama|War,112573,197.0
109,109,111,Taxi Driver (1976),Crime|Drama|Thriller,75314,103.0
110,110,112,Rumble in the Bronx (Hont faan kui) (1995),Action|Adventure|Comedy|Crime,113326,33542.0
111,111,113,Before and After (1996),Drama|Mystery,115645,43566.0
112,112,114,Margaret's Museum (1995),Drama,113774,71754.0
113,113,115,"Happiness Is in the Field (Bonheur est dans le pré, Le) (1995)",Comedy,112556,43612.0
114,114,116,Anne Frank Remembered (1995),Documentary,112373,51352.0
115,115,117,"Young Poisoner's Handbook, The (1995)",Crime|Drama,115033,16934.0
116,116,118,If Lucy Fell (1996),Comedy|Romance,116606,10324.0
117,117,119,"Steal Big, Steal Little (1995)",Comedy,114536,78406.0
118,118,120,Race the Sun (1996),Adventure|Comedy|Drama,117427,55731.0
119,119,121,"Boys of St. Vincent, The (1992)",Drama,106473,32119.0
120,120,122,Boomerang (1992),Comedy|Romance,103859,11066.0
121,121,123,Chungking Express (Chung Hing sam lam) (1994),Drama|Mystery|Romance,109424,11104.0
122,122,124,"Star Maker, The (Uomo delle stelle, L') (1995)",Drama,114808,37975.0
123,123,125,Flirting With Disaster (1996),Comedy,116324,2074.0
124,124,126,"NeverEnding Story III, The (1994)",Adventure|Children|Fantasy,110647,27793.0
125,125,127,"Silences of the Palace, The (Saimt el Qusur) (1994)",Drama,111055,44284.0
126,126,128,Jupiter's Wife (1994),Documentary,110217,290157.0
127,127,129,Pie in the Sky (1996),Comedy|Romance,114131,110972.0
128,128,130,Angela (1995),Drama,112364,32622.0
129,129,131,Frankie Starlight (1995),Drama|Romance,113107,73067.0
130,130,132,Jade (1995),Thriller,113451,11863.0
131,131,133,Nueba Yol (1995),Comedy|Drama,114015,55475.0
132,132,134,Sonic Outlaws (1995),Documentary,114500,124636.0
133,133,135,Down Periscope (1996),Comedy,116130,9101.0
134,134,136,From the Journals of Jean Seberg (1995),Documentary,113125,123360.0
135,135,137,Man of the Year (1995),Documentary,113756,5757.0
136,136,138,"Neon Bible, The (1995)",Drama,113952,39428.0
137,137,139,Target (1995),Action|Drama,114618,124639.0
138,138,140,Up Close and Personal (1996),Drama|Romance,118055,9302.0
139,139,141,"Birdcage, The (1996)",Comedy,115685,11000.0
140,140,142,Shadows (Cienie) (1988),Drama,94878,525153.0
141,141,143,Gospa (1995),Drama,113200,249882.0
142,142,144,"Brothers McMullen, The (1995)",Comedy,112585,16388.0
143,143,145,Bad Boys (1995),Action|Comedy|Crime|Drama|Thriller,112442,9737.0
144,144,146,"Amazing Panda Adventure, The (1995)",Adventure|Children,112342,30765.0
145,145,147,"Basketball Diaries, The (1995)",Drama,112461,10474.0
146,146,148,"Awfully Big Adventure, An (1995)",Drama,112427,22279.0
147,147,149,Amateur (1994),Crime|Drama|Thriller,109093,30157.0
148,148,150,Apollo 13 (1995),Adventure|Drama|IMAX,112384,568.0
149,149,151,Rob Roy (1995),Action|Drama|Romance|War,114287,11780.0
150,150,152,"Addiction, The (1995)",Drama|Horror,112288,34996.0
151,151,153,Batman Forever (1995),Action|Adventure|Comedy|Crime,112462,414.0
152,152,154,Beauty of the Day (Belle de jour) (1967),Drama,61395,649.0
153,153,155,Beyond Rangoon (1995),Adventure|Drama|War,112495,1873.0
154,154,156,Blue in the Face (1995),Comedy|Drama,112541,5894.0
155,155,157,Canadian Bacon (1995),Comedy|War,109370,1775.0
156,156,158,Casper (1995),Adventure|Children,112642,8839.0
157,157,159,Clockers (1995),Crime|Drama|Mystery,112688,20649.0
158,158,160,Congo (1995),Action|Adventure|Mystery|Sci-Fi,112715,10329.0
159,159,161,Crimson Tide (1995),Drama|Thriller|War,112740,8963.0
160,160,162,Crumb (1994),Documentary,109508,26564.0
161,161,163,Desperado (1995),Action|Romance|Western,112851,8068.0
162,162,164,Devil in a Blue Dress (1995),Crime|Film-Noir|Mystery|Thriller,112857,8512.0
163,163,165,Die Hard: With a Vengeance (1995),Action|Crime|Thriller,112864,1572.0
164,164,166,"Doom Generation, The (1995)",Comedy|Crime|Drama,112887,13552.0
165,165,167,Feast of July (1995),Drama,113044,259209.0
166,166,168,First Knight (1995),Action|Drama|Romance,113071,6520.0
167,167,169,Free Willy 2: The Adventure Home (1995),Adventure|Children|Drama,113114,9073.0
168,168,170,Hackers (1995),Action|Adventure|Crime|Thriller,113243,10428.0
169,169,171,Jeffrey (1995),Comedy|Drama,113464,17447.0
170,170,172,Johnny Mnemonic (1995),Action|Sci-Fi|Thriller,113481,9886.0
171,171,173,Judge Dredd (1995),Action|Crime|Sci-Fi,113492,9482.0
172,172,174,Jury Duty (1995),Comedy,113500,19326.0
173,173,175,Kids (1995),Drama,113540,9344.0
174,174,176,Living in Oblivion (1995),Comedy,113677,9071.0
175,175,177,Lord of Illusions (1995),Horror,113690,8973.0
176,176,178,Love & Human Remains (1993),Comedy|Drama,107447,15730.0
177,177,179,Mad Love (1995),Drama|Romance,113729,47608.0
178,178,180,Mallrats (1995),Comedy|Romance,113749,2293.0
179,179,181,Mighty Morphin Power Rangers: The Movie (1995),Action|Children,113820,9070.0
180,180,182,Moonlight and Valentino (1995),Drama|Romance,113851,68274.0
181,181,183,Mute Witness (1994),Comedy|Horror|Thriller,110604,48787.0
182,182,184,Nadja (1994),Drama,110620,34574.0
183,183,185,"Net, The (1995)",Action|Crime|Thriller,113957,1642.0
184,184,186,Nine Months (1995),Comedy|Romance,113986,11472.0
185,185,187,Party Girl (1995),Comedy,114095,36196.0
186,186,188,"Prophecy, The (1995)",Fantasy|Horror|Mystery,114194,11980.0
187,187,189,Reckless (1995),Comedy|Fantasy,114241,58372.0
188,188,190,Safe (1995),Thriller,114323,32646.0
189,189,191,"Scarlet Letter, The (1995)",Drama|Romance,114345,10533.0
190,190,192,The Show (1995),Documentary,114435,56088.0
191,191,193,Showgirls (1995),Drama,114436,10802.0
192,192,194,Smoke (1995),Comedy|Drama,114478,10149.0
193,193,195,Something to Talk About (1995),Comedy|Drama|Romance,114496,18402.0
194,194,196,Species (1995),Horror|Sci-Fi,114508,9348.0
195,195,197,"Stars Fell on Henrietta, The (1995)",Drama,114534,139408.0
196,196,198,Strange Days (1995),Action|Crime|Drama|Mystery|Sci-Fi|Thriller,114558,281.0
197,197,199,"Umbrellas of Cherbourg, The (Parapluies de Cherbourg, Les) (1964)",Drama|Musical|Romance,58450,5967.0
198,198,200,"Tie That Binds, The (1995)",Thriller,114666,79593.0
199,199,201,Three Wishes (1995),Drama|Fantasy,114663,47939.0
200,200,202,Total Eclipse (1995),Drama|Romance,114702,36834.0
201,201,203,"To Wong Foo, Thanks for Everything! Julie Newmar (1995)",Comedy,114682,9090.0
202,202,204,Under Siege 2: Dark Territory (1995),Action,114781,3512.0
203,203,205,Unstrung Heroes (1995),Comedy|Drama,114798,52856.0
204,204,206,Unzipped (1995),Documentary,114805,77350.0
205,205,207,"Walk in the Clouds, A (1995)",Drama|Romance,114887,9560.0
206,206,208,Waterworld (1995),Action|Adventure|Sci-Fi,114898,9804.0
207,207,209,White Man's Burden (1995),Drama,114928,31611.0
208,208,210,Wild Bill (1995),Western,114938,65796.0
209,209,211,"Browning Version, The (1994)",Drama,109340,49805.0
210,210,212,Bushwhacked (1995),Adventure|Comedy|Crime|Mystery,112602,26258.0
211,211,213,Burnt by the Sun (Utomlyonnye solntsem) (1994),Drama,111579,50797.0
212,212,214,Before the Rain (Pred dozhdot) (1994),Drama|War,110882,19155.0
213,213,215,Before Sunrise (1995),Drama|Romance,112471,76.0
214,214,216,Billy Madison (1995),Comedy,112508,11017.0
215,215,217,"Babysitter, The (1995)",Drama|Thriller,112438,37141.0
216,216,218,Boys on the Side (1995),Comedy|Drama,112571,9382.0
217,217,219,"Cure, The (1995)",Drama,112757,6715.0
218,218,220,Castle Freak (1995),Horror,112643,18256.0
219,219,222,Circle of Friends (1995),Drama|Romance,112679,22625.0
220,220,223,Clerks (1994),Comedy,109445,2292.0
221,221,224,Don Juan DeMarco (1995),Comedy|Drama|Romance,112883,1909.0
222,222,225,Disclosure (1994),Drama|Thriller,109635,8984.0
223,223,226,Dream Man (1995),Thriller,112899,61813.0
224,224,227,Drop Zone (1994),Action|Thriller,109676,4954.0
225,225,228,Destiny Turns on the Radio (1995),Comedy,112854,62488.0
226,226,229,Death and the Maiden (1994),Drama|Thriller,109579,10531.0
227,227,230,Dolores Claiborne (1995),Drama|Thriller,109642,11929.0
228,228,231,Dumb & Dumber (Dumb and Dumber) (1994),Adventure|Comedy,109686,8467.0
229,229,232,Eat Drink Man Woman (Yin shi nan nu) (1994),Comedy|Drama|Romance,111797,10451.0
230,230,233,Exotica (1994),Drama,109759,20156.0
231,231,234,Exit to Eden (1994),Comedy,109758,18395.0
232,232,235,Ed Wood (1994),Comedy|Drama,109707,522.0
233,233,236,French Kiss (1995),Action|Comedy|Romance,113117,397.0
234,234,237,Forget Paris (1995),Comedy|Romance,113097,10525.0
235,235,238,Far From Home: The Adventures of Yellow Dog (1995),Adventure|Children,113028,27985.0
236,236,239,"Goofy Movie, A (1995)",Animation|Children|Comedy|Romance,113198,15789.0
237,237,240,Hideaway (1995),Thriller,113303,27303.0
238,238,241,Fluke (1995),Children|Drama,113089,21183.0
239,239,242,Farinelli: il castrato (1994),Drama|Musical,109771,10954.0
240,240,243,Gordy (1995),Children|Comedy|Fantasy,113199,47867.0
241,241,244,Gumby: The Movie (1995),Animation|Children,113234,43475.0
242,242,245,The Glass Shield (1994),Crime|Drama,109906,72031.0
243,243,246,Hoop Dreams (1994),Documentary,110057,14275.0
244,244,247,Heavenly Creatures (1994),Crime|Drama,110005,1024.0
245,245,248,Houseguest (1994),Comedy,110066,17207.0
246,246,249,Immortal Beloved (1994),Drama|Romance,110116,13701.0
247,247,250,Heavyweights (Heavy Weights) (1995),Children|Comedy,110006,14819.0
248,248,251,"Hunted, The (1995)",Action,113360,32631.0
249,249,252,I.Q. (1994),Comedy|Romance,110099,11777.0
250,250,253,Interview with the Vampire: The Vampire Chronicles (1994),Drama|Horror,110148,628.0
251,251,254,Jefferson in Paris (1995),Drama,113463,87729.0
252,252,255,"Jerky Boys, The (1995)",Comedy,110189,18713.0
253,253,256,Junior (1994),Comedy|Sci-Fi,110216,6280.0
254,254,257,Just Cause (1995),Mystery|Thriller,113501,9061.0
255,255,258,"Kid in King Arthur's Court, A (1995)",Adventure|Children|Comedy|Fantasy|Romance,113538,37108.0
256,256,259,Kiss of Death (1995),Crime|Drama|Thriller,113552,6071.0
257,257,260,Star Wars: Episode IV - A New Hope (1977),Action|Adventure|Sci-Fi,76759,11.0
258,258,261,Little Women (1994),Drama,110367,9587.0
259,259,262,"Little Princess, A (1995)",Children|Drama,113670,19101.0
260,260,263,Ladybird Ladybird (1994),Drama,110296,49980.0
261,261,264,"Enfer, L' (1994)",Drama,109731,17961.0
262,262,265,Like Water for Chocolate (Como agua para chocolate) (1992),Drama|Fantasy|Romance,103994,18183.0
263,263,266,Legends of the Fall (1994),Drama|Romance|War|Western,110322,4476.0
264,264,267,Major Payne (1995),Comedy,110443,11008.0
265,265,268,Little Odessa (1994),Crime|Drama,110365,47504.0
266,266,269,My Crazy Life (Mi vida loca) (1993),Drama,107566,32325.0
267,267,270,Love Affair (1994),Drama|Romance,110391,43742.0
268,268,271,Losing Isaiah (1995),Drama,113691,28313.0
269,269,272,"Madness of King George, The (1994)",Comedy|Drama,110428,11318.0
270,270,273,Mary Shelley's Frankenstein (Frankenstein) (1994),Drama|Horror|Sci-Fi,109836,3036.0
271,271,274,Man of the House (1995),Comedy,113755,40490.0
272,272,275,Mixed Nuts (1994),Comedy,110538,24070.0
273,273,276,Milk Money (1994),Comedy|Romance,110516,8986.0
274,274,277,Miracle on 34th Street (1994),Drama,110527,10510.0
275,275,278,Miami Rhapsody (1995),Comedy,113808,17402.0
276,276,279,My Family (1995),Drama,113896,38722.0
277,277,280,Murder in the First (1995),Drama|Thriller,113870,8438.0
278,278,281,Nobody's Fool (1994),Comedy|Drama|Romance,110684,11593.0
279,279,282,Nell (1994),Drama,110638,1945.0
280,280,283,New Jersey Drive (1995),Crime|Drama,113967,39310.0
281,281,284,New York Cop (Nyû Yôku no koppu) (1993),Action|Crime,117169,109560.0
282,282,285,Beyond Bedlam (1993),Drama|Horror,106402,56428.0
283,283,286,Nemesis 2: Nebula (1995),Action|Sci-Fi|Thriller,113948,63105.0
284,284,287,Nina Takes a Lover (1994),Comedy|Romance,110671,131957.0
285,285,288,Natural Born Killers (1994),Action|Crime|Thriller,110632,241.0
286,286,289,Only You (1994),Comedy|Romance,110737,9058.0
287,287,290,Once Were Warriors (1994),Crime|Drama,110729,527.0
288,288,292,Outbreak (1995),Action|Drama|Sci-Fi|Thriller,114069,6950.0
289,289,293,Léon: The Professional (a.k.a. The Professional) (Léon) (1994),Action|Crime|Drama|Thriller,110413,101.0
290,290,294,"Perez Family, The (1995)",Comedy|Romance,114113,63020.0
291,291,295,"Pyromaniac's Love Story, A (1995)",Comedy|Romance,114210,2307.0
292,292,296,Pulp Fiction (1994),Comedy|Crime|Drama|Thriller,110912,680.0
293,293,297,Panther (1995),Drama,114084,41478.0
294,294,298,Pushing Hands (Tui shou) (1992),Drama,105652,25296.0
295,295,299,Priest (1994),Drama,110889,40156.0
296,296,300,Quiz Show (1994),Drama,110932,11450.0
297,297,301,Picture Bride (Bijo photo) (1994),Drama|Romance,114129,30304.0
298,298,302,"Queen Margot (Reine Margot, La) (1994)",Drama|Romance,110963,10452.0
299,299,303,"Quick and the Dead, The (1995)",Action|Thriller|Western,114214,12106.0
300,300,304,Roommates (1995),Comedy|Drama,114296,161495.0
301,301,305,Ready to Wear (Pret-A-Porter) (1994),Comedy,110907,3586.0
302,302,306,Three Colors: Red (Trois couleurs: Rouge) (1994),Drama,111495,110.0
303,303,307,Three Colors: Blue (Trois couleurs: Bleu) (1993),Drama,108394,108.0
304,304,308,Three Colors: White (Trzy kolory: Bialy) (1994),Comedy|Drama,111507,109.0
305,305,309,"Red Firecracker, Green Firecracker (Pao Da Shuang Deng) (1994)",Drama,110769,159185.0
306,306,310,Rent-a-Kid (1995),Comedy,114268,36357.0
307,307,311,Relative Fear (1994),Horror|Thriller,110965,92769.0
308,308,312,Stuart Saves His Family (1995),Comedy,114571,28033.0
309,309,313,"Swan Princess, The (1994)",Animation|Children,111333,22586.0
310,310,314,"Secret of Roan Inish, The (1994)",Children|Drama|Fantasy|Mystery,111112,14334.0
311,311,315,"Specialist, The (1994)",Action|Drama|Thriller,111255,2636.0
312,312,316,Stargate (1994),Action|Adventure|Sci-Fi,111282,2164.0
313,313,317,"Santa Clause, The (1994)",Comedy|Drama|Fantasy,111070,11395.0
314,314,318,"Shawshank Redemption, The (1994)",Crime|Drama,111161,278.0
315,315,319,Shallow Grave (1994),Comedy|Drama|Thriller,111149,9905.0
316,316,320,Suture (1993),Film-Noir|Thriller,108260,87078.0
317,317,321,Strawberry and Chocolate (Fresa y chocolate) (1993),Drama,106966,12527.0
318,318,322,Swimming with Sharks (1995),Comedy|Drama,114594,20306.0
319,319,324,"Sum of Us, The (1994)",Comedy|Drama,111309,36614.0
320,320,325,National Lampoon's Senior Trip (1995),Comedy,113936,27993.0
321,321,326,To Live (Huozhe) (1994),Drama,110081,31439.0
322,322,327,Tank Girl (1995),Action|Comedy|Sci-Fi,114614,9067.0
323,323,328,Tales from the Crypt Presents: Demon Knight (1995),Horror|Thriller,114608,9059.0
324,324,329,Star Trek: Generations (1994),Adventure|Drama|Sci-Fi,111280,193.0
325,325,330,Tales from the Hood (1995),Action|Crime|Horror,114609,25066.0
326,326,331,Tom & Viv (1994),Drama,111454,46797.0
327,327,332,Village of the Damned (1995),Horror|Sci-Fi,114852,12122.0
328,328,333,Tommy Boy (1995),Comedy,114694,11381.0
329,329,334,Vanya on 42nd Street (1994),Drama,111590,32636.0
330,330,335,Underneath (1995),Mystery|Thriller,114788,36141.0
331,331,336,"Walking Dead, The (1995)",Drama|War,114888,95963.0
332,332,337,What's Eating Gilbert Grape (1993),Drama,108550,1587.0
333,333,338,Virtuosity (1995),Action|Sci-Fi|Thriller,114857,9271.0
334,334,339,While You Were Sleeping (1995),Comedy|Romance,114924,2064.0
335,335,340,"War, The (1994)",Adventure|Drama|War,111667,19855.0
336,336,341,Double Happiness (1994),Drama,109655,60855.0
337,337,342,Muriel's Wedding (1994),Comedy,110598,236.0
338,338,343,"Baby-Sitters Club, The (1995)",Children,112435,48287.0
339,339,344,Ace Ventura: Pet Detective (1994),Comedy,109040,3049.0
340,340,345,"Adventures of Priscilla, Queen of the Desert, The (1994)",Comedy|Drama,109045,2759.0
341,341,346,Backbeat (1993),Drama|Musical,106339,12635.0
342,342,347,Bitter Moon (1992),Drama|Film-Noir|Romance,104779,10497.0
343,343,348,Bullets Over Broadway (1994),Comedy,109348,11382.0
344,344,349,Clear and Present Danger (1994),Action|Crime|Drama|Thriller,109444,9331.0
345,345,350,"Client, The (1994)",Drama|Mystery|Thriller,109446,10731.0
346,346,351,"Corrina, Corrina (1994)",Comedy|Drama|Romance,109484,10464.0
347,347,352,Crooklyn (1994),Comedy|Drama,109504,34152.0
348,348,353,"Crow, The (1994)",Action|Crime|Fantasy|Thriller,109506,9495.0
349,349,354,Cobb (1994),Drama,109450,29973.0
350,350,355,"Flintstones, The (1994)",Children|Comedy|Fantasy,109813,888.0
351,351,356,Forrest Gump (1994),Comedy|Drama|Romance|War,109830,13.0
352,352,357,Four Weddings and a Funeral (1994),Comedy|Romance,109831,712.0
353,353,358,Higher Learning (1995),Drama,113305,16295.0
354,354,359,I Like It Like That (1994),Comedy|Drama|Romance,110091,48992.0
355,355,360,I Love Trouble (1994),Action|Comedy,110093,10879.0
356,356,361,It Could Happen to You (1994),Comedy|Drama|Romance,110167,10660.0
357,357,362,"Jungle Book, The (1994)",Adventure|Children|Romance,110213,10714.0
358,358,363,"Wonderful, Horrible Life of Leni Riefenstahl, The (Macht der Bilder: Leni Riefenstahl, Die) (1993)",Documentary,107472,41647.0
359,359,364,"Lion King, The (1994)",Adventure|Animation|Children|Drama|Musical|IMAX,110357,8587.0
360,360,365,Little Buddha (1993),Drama,107426,1689.0
361,361,366,"Wes Craven's New Nightmare (Nightmare on Elm Street Part 7: Freddy's Finale, A) (1994)",Drama|Horror|Mystery|Thriller,111686,11596.0
362,362,367,"Mask, The (1994)",Action|Comedy|Crime|Fantasy,110475,854.0
363,363,368,Maverick (1994),Adventure|Comedy|Western,110478,9359.0
364,364,369,Mrs. Parker and the Vicious Circle (1994),Drama,110588,23333.0
365,365,370,Naked Gun 33 1/3: The Final Insult (1994),Action|Comedy,110622,36593.0
366,366,371,"Paper, The (1994)",Comedy|Drama,110771,12280.0
367,367,372,Reality Bites (1994),Comedy|Drama|Romance,110950,2788.0
368,368,373,Red Rock West (1992),Thriller,105226,10427.0
369,369,374,Richie Rich (1994),Children|Comedy,110989,11011.0
370,370,375,Safe Passage (1994),Drama,111054,49803.0
371,371,376,"River Wild, The (1994)",Action|Thriller,110997,8987.0
372,372,377,Speed (1994),Action|Romance|Thriller,111257,1637.0
373,373,378,Speechless (1994),Comedy|Romance,111256,15128.0
374,374,379,Timecop (1994),Action|Sci-Fi|Thriller,111438,8831.0
375,375,380,True Lies (1994),Action|Adventure|Comedy|Romance|Thriller,111503,36955.0
376,376,381,When a Man Loves a Woman (1994),Drama|Romance,111693,10449.0
377,377,382,Wolf (1994),Drama|Horror|Romance|Thriller,111742,10395.0
378,378,383,Wyatt Earp (1994),Western,111756,12160.0
379,379,384,Bad Company (1995),Action|Crime|Drama,112443,40480.0
380,380,385,"Man of No Importance, A (1994)",Drama,110455,52038.0
381,381,386,S.F.W. (1994),Drama,111048,29444.0
382,382,387,"Low Down Dirty Shame, A (1994)",Action|Comedy,110399,26352.0
383,383,388,Boys Life (1995),Drama,112570,39953.0
384,384,389,"Colonel Chabert, Le (1994)",Drama|Romance|War,109454,41580.0
385,385,390,Faster Pussycat! Kill! Kill! (1965),Action|Crime|Drama,59170,315.0
386,386,391,Jason's Lyric (1994),Crime|Drama,110186,22067.0
387,387,392,"Secret Adventures of Tom Thumb, The (1993)",Adventure|Animation,108069,18242.0
388,388,393,Street Fighter (1994),Action|Adventure|Fantasy,111301,11667.0
389,389,394,Coldblooded (1995),Comedy,112702,32502.0
390,390,395,Desert Winds (1995),Drama|Fantasy|Romance,112849,267188.0
391,391,396,Fall Time (1995),Drama,113014,28732.0
392,392,397,"Fear, The (1995)",Horror,113043,75555.0
393,393,398,Frank and Ollie (1995),Documentary,113104,42981.0
394,394,399,Girl in the Cadillac (1995),Drama,113173,278939.0
395,395,400,Homage (1995),Drama,113319,291731.0
396,396,401,Mirage (1995),Action|Thriller,113827,226229.0
397,397,402,Open Season (1996),Comedy,114047,203119.0
398,398,403,Two Crimes (Dos crímenes) (1995),Comedy|Crime|Drama,112889,172923.0
399,399,404,Brother Minister: The Assassination of Malcolm X (1994),Documentary,109339,316098.0
400,400,405,Highlander III: The Sorcerer (a.k.a. Highlander: The Final Dimension) (1994),Action|Fantasy,110027,8011.0
401,401,406,Federal Hill (1994),Drama,109785,171857.0
402,402,407,In the Mouth of Madness (1995),Horror|Thriller,113409,2654.0
403,403,408,8 Seconds (1994),Drama,109021,18069.0
404,404,409,Above the Rim (1994),Crime|Drama,109035,19092.0
405,405,410,Addams Family Values (1993),Children|Comedy|Fantasy,106220,2758.0
406,406,411,Martin Lawrence: You So Crazy (1994),Comedy|Documentary,111804,38129.0
407,407,412,"Age of Innocence, The (1993)",Drama,106226,10436.0
408,408,413,Airheads (1994),Comedy,109068,13595.0
409,409,414,"Air Up There, The (1994)",Comedy,109067,46094.0
410,410,415,Another Stakeout (1993),Comedy|Thriller,106292,9409.0
411,411,416,Bad Girls (1994),Western,109198,11853.0
412,412,417,Barcelona (1994),Comedy|Romance,109219,16771.0
413,413,418,Being Human (1993),Drama,106379,46924.0
414,414,419,"Beverly Hillbillies, The (1993)",Comedy,106400,11041.0
415,415,420,Beverly Hills Cop III (1994),Action|Comedy|Crime|Thriller,109254,306.0
416,416,421,Black Beauty (1994),Adventure|Children|Drama,109279,14522.0
417,417,422,Blink (1994),Thriller,109297,26203.0
418,418,423,Blown Away (1994),Action|Thriller,109303,178.0
419,419,424,Blue Chips (1994),Drama,109305,19819.0
420,420,425,Blue Sky (1994),Drama|Romance,109306,57834.0
421,421,426,Body Snatchers (1993),Horror|Sci-Fi|Thriller,106452,4722.0
422,422,427,Boxing Helena (1993),Drama|Mystery|Romance|Thriller,106471,18215.0
423,423,428,"Bronx Tale, A (1993)",Drama,106489,1607.0
424,424,429,Cabin Boy (1994),Comedy,109361,26391.0
425,425,430,Calendar Girl (1993),Comedy|Drama,106505,117553.0
426,426,431,Carlito's Way (1993),Crime|Drama,106519,6075.0
427,427,432,City Slickers II: The Legend of Curly's Gold (1994),Adventure|Comedy|Western,109439,11310.0
428,428,433,Clean Slate (1994),Comedy,109443,18658.0
429,429,434,Cliffhanger (1993),Action|Adventure|Thriller,106582,9350.0
430,430,435,Coneheads (1993),Comedy|Sci-Fi,106598,9612.0
431,431,436,Color of Night (1994),Drama|Thriller,109456,2124.0
432,432,437,Cops and Robbersons (1994),Comedy,109480,26261.0
433,433,438,"Cowboy Way, The (1994)",Action|Comedy|Drama,109493,19176.0
434,434,439,Dangerous Game (1993),Drama,106660,49299.0
435,435,440,Dave (1993),Comedy|Romance,106673,11566.0
436,436,441,Dazed and Confused (1993),Comedy,106677,9571.0
437,437,442,Demolition Man (1993),Action|Adventure|Sci-Fi,106697,9739.0
438,438,443,"Endless Summer 2, The (1994)",Adventure|Documentary,109729,24257.0
439,439,444,Even Cowgirls Get the Blues (1993),Comedy|Romance,106834,34444.0
440,440,445,Fatal Instinct (1993),Comedy,106873,26141.0
441,441,446,Farewell My Concubine (Ba wang bie ji) (1993),Drama|Romance,106332,10997.0
442,442,447,"Favor, The (1994)",Comedy|Romance,109783,50463.0
443,443,448,Fearless (1993),Drama,106881,10443.0
444,444,449,Fear of a Black Hat (1994),Comedy,106880,20239.0
445,445,450,With Honors (1994),Comedy|Drama,111732,16297.0
446,446,451,Flesh and Bone (1993),Drama|Mystery|Romance,106926,18551.0
447,447,452,Widows' Peak (1994),Drama,111712,25440.0
448,448,453,For Love or Money (1993),Comedy|Romance,106941,9024.0
449,449,454,"Firm, The (1993)",Drama|Thriller,106918,37233.0
450,450,455,Free Willy (1993),Adventure|Children|Drama,106965,1634.0
451,451,456,Fresh (1994),Crime|Drama|Thriller,109842,13815.0
452,452,457,"Fugitive, The (1993)",Thriller,106977,5503.0
453,453,458,Geronimo: An American Legend (1993),Drama|Western,107004,35588.0
454,454,459,"Getaway, The (1994)",Action|Adventure|Crime|Drama|Romance|Thriller,109890,2087.0
455,455,460,Getting Even with Dad (1994),Comedy,109891,41579.0
456,456,461,Go Fish (1994),Drama|Romance,109913,18620.0
457,457,462,"Good Man in Africa, A (1994)",Action|Adventure,109920,41006.0
458,458,463,Guilty as Sin (1993),Crime|Drama|Thriller,107057,4916.0
459,459,464,Hard Target (1993),Action|Adventure|Crime|Thriller,107076,2019.0
460,460,465,Heaven & Earth (1993),Action|Drama|War,107096,31642.0
461,461,466,Hot Shots! Part Deux (1993),Action|Comedy|War,107144,9255.0
462,462,467,Live Nude Girls (1995),Comedy,113674,26271.0
463,463,468,"Englishman Who Went Up a Hill But Came Down a Mountain, The (1995)",Comedy|Romance,112966,10612.0
464,464,469,"House of the Spirits, The (1993)",Drama|Romance,107151,2259.0
465,465,470,House Party 3 (1994),Comedy,110064,16097.0
466,466,471,"Hudsucker Proxy, The (1994)",Comedy,110074,11934.0
467,467,472,I'll Do Anything (1994),Comedy|Drama,110097,106143.0
468,468,473,In the Army Now (1994),Comedy|War,110123,12475.0
469,469,474,In the Line of Fire (1993),Action|Thriller,107206,9386.0
470,470,475,In the Name of the Father (1993),Drama,107207,7984.0
471,471,476,"Inkwell, The (1994)",Comedy|Drama,110137,59930.0
472,472,477,What's Love Got to Do with It? (1993),Drama|Musical,108551,15765.0
473,473,478,Jimmy Hollywood (1994),Comedy|Crime|Drama,110197,31643.0
474,474,479,Judgment Night (1993),Action|Crime|Thriller,107286,6.0
475,475,480,Jurassic Park (1993),Action|Adventure|Sci-Fi|Thriller,107290,329.0
476,476,481,Kalifornia (1993),Drama|Thriller,107302,10909.0
477,477,482,Killing Zoe (1994),Crime|Drama|Thriller,110265,507.0
478,478,483,King of the Hill (1993),Drama,107322,34024.0
479,479,484,Lassie (1994),Adventure|Children,110305,29918.0
480,480,485,Last Action Hero (1993),Action|Adventure|Comedy|Fantasy,107362,9593.0
481,481,486,Life with Mikey (1993),Comedy,107413,42580.0
482,482,487,Lightning Jack (1994),Comedy|Western,110353,22317.0
483,483,488,M. Butterfly (1993),Drama|Romance,107468,1413.0
484,484,489,Made in America (1993),Comedy,107478,12121.0
485,485,490,Malice (1993),Thriller,107497,2246.0
486,486,491,"Man Without a Face, The (1993)",Drama,107501,10502.0
487,487,492,Manhattan Murder Mystery (1993),Comedy|Mystery,107507,10440.0
488,488,493,Menace II Society (1993),Action|Crime|Drama,107554,9516.0
489,489,494,Executive Decision (1996),Action|Adventure|Thriller,116253,2320.0
490,490,495,In the Realm of the Senses (Ai no corrida) (1976),Drama,74102,5879.0
491,491,496,What Happened Was... (1994),Comedy|Drama|Romance|Thriller,111689,83718.0
492,492,497,Much Ado About Nothing (1993),Comedy|Romance,107616,11971.0
493,493,498,Mr. Jones (1993),Drama|Romance,107611,2625.0
494,494,499,Mr. Wonderful (1993),Comedy|Romance,107613,31911.0
495,495,500,Mrs. Doubtfire (1993),Comedy|Drama,107614,788.0
496,496,501,Naked (1993),Drama,107653,21450.0
497,497,502,"Next Karate Kid, The (1994)",Action|Children|Romance,110657,11231.0
498,498,503,"New Age, The (1994)",Drama,110649,41588.0
499,499,504,No Escape (1994),Action|Drama|Sci-Fi,110678,10447.0
500,500,505,North (1994),Comedy,110687,31586.0
501,501,506,Orlando (1992),Drama|Fantasy|Romance,107756,9300.0
502,502,507,"Perfect World, A (1993)",Crime|Drama|Thriller,107808,9559.0
503,503,508,Philadelphia (1993),Drama,107818,9800.0
504,504,509,"Piano, The (1993)",Drama|Romance,107822,713.0
505,505,510,Poetic Justice (1993),Drama,107840,8291.0
506,506,511,"Program, The (1993)",Action|Drama,107889,18133.0
507,507,512,"Puppet Masters, The (1994)",Horror|Sci-Fi,111003,25557.0
508,508,513,Radioland Murders (1994),Comedy|Mystery|Romance,110939,22588.0
509,509,514,"Ref, The (1994)",Comedy,110955,10872.0
510,510,515,"Remains of the Day, The (1993)",Drama|Romance,107943,1245.0
511,511,516,Renaissance Man (1994),Comedy|Drama,110971,11858.0
512,512,517,Rising Sun (1993),Action|Drama|Mystery,107969,7007.0
513,513,518,"Road to Wellville, The (1994)",Comedy,111001,10467.0
514,514,519,RoboCop 3 (1993),Action|Crime|Drama|Sci-Fi|Thriller,107978,5550.0
515,515,520,Robin Hood: Men in Tights (1993),Comedy,107977,8005.0
516,516,521,Romeo Is Bleeding (1993),Crime|Thriller,107983,2088.0
517,517,522,Romper Stomper (1992),Action|Drama,105275,10412.0
518,518,523,Ruby in Paradise (1993),Drama,108000,47889.0
519,519,524,Rudy (1993),Drama,108002,14534.0
520,520,525,"Saint of Fort Washington, The (1993)",Drama,108026,56583.0
521,521,526,"Savage Nights (Nuits fauves, Les) (1992)",Drama,105032,41878.0
522,522,527,Schindler's List (1993),Drama|War,108052,424.0
523,523,528,"Scout, The (1994)",Comedy|Drama,111094,35233.0
524,524,529,Searching for Bobby Fischer (1993),Drama,108065,14291.0
525,525,530,Second Best (1994),Drama,111102,103413.0
526,526,531,"Secret Garden, The (1993)",Children|Drama,108071,11236.0
527,527,532,Serial Mom (1994),Comedy|Crime|Horror,111127,11592.0
528,528,533,"Shadow, The (1994)",Action|Adventure|Fantasy|Mystery,111143,8850.0
529,529,534,Shadowlands (1993),Drama|Romance,108101,10445.0
530,530,535,Short Cuts (1993),Drama,108122,695.0
531,531,536,"Simple Twist of Fate, A (1994)",Drama,111194,43535.0
532,532,537,Sirens (1994),Drama,111201,12519.0
533,533,538,Six Degrees of Separation (1993),Drama,108149,23210.0
534,534,539,Sleepless in Seattle (1993),Comedy|Drama|Romance,108160,858.0
535,535,540,Sliver (1993),Thriller,108162,867.0
536,536,541,Blade Runner (1982),Action|Sci-Fi|Thriller,83658,78.0
537,537,542,Son in Law (1993),Comedy|Drama|Romance,108186,13203.0
538,538,543,So I Married an Axe Murderer (1993),Comedy|Romance|Thriller,108174,10442.0
539,539,544,Striking Distance (1993),Action|Crime,108238,11074.0
540,540,546,Super Mario Bros. (1993),Action|Adventure|Children|Comedy|Fantasy|Sci-Fi,108255,9607.0
541,541,547,Surviving the Game (1994),Action|Adventure|Thriller,111323,17585.0
542,542,548,Terminal Velocity (1994),Action|Mystery|Thriller,111400,9057.0
543,543,549,Thirty-Two Short Films About Glenn Gould (1993),Drama|Musical,108328,20967.0
544,544,550,Threesome (1994),Comedy|Romance,111418,10635.0
545,545,551,"Nightmare Before Christmas, The (1993)",Animation|Children|Fantasy|Musical,107688,9479.0
546,546,552,"Three Musketeers, The (1993)",Action|Adventure|Comedy|Romance,108333,10057.0
547,547,553,Tombstone (1993),Action|Drama|Western,108358,11969.0
548,548,554,Trial by Jury (1994),Crime|Drama|Thriller,111488,41590.0
549,549,555,True Romance (1993),Crime|Thriller,108399,319.0
550,550,556,"War Room, The (1993)",Documentary,108515,26408.0
551,551,558,"Pagemaster, The (1994)",Action|Adventure|Animation|Children|Fantasy,110763,15139.0
552,552,559,"Paris, France (1993)",Comedy,107779,161158.0
553,553,560,"Beans of Egypt, Maine, The (1994)",Drama,109226,218473.0
554,554,561,Killer (Bulletproof Heart) (1994),Drama|Thriller,110259,85247.0
555,555,562,Welcome to the Dollhouse (1995),Comedy|Drama,114906,11446.0
556,556,563,Germinal (1993),Drama|Romance,107002,51980.0
557,557,564,Chasers (1994),Comedy,109403,24405.0
558,558,565,Cronos (1993),Drama|Horror,104029,11655.0
559,559,566,Naked in New York (1994),Comedy|Romance,110623,11800.0
560,560,567,Kika (1993),Comedy|Drama,107315,8223.0
561,561,568,Bhaji on the Beach (1993),Comedy|Drama,106408,14587.0
562,562,569,Little Big League (1994),Comedy|Drama,110363,31504.0
563,563,570,"Slingshot, The (Kådisbellan) (1993)",Comedy|Drama,107349,41653.0
564,564,571,"Wedding Gift, The (1994)",Drama|Romance,111709,53185.0
565,565,572,Foreign Student (1994),Drama,109828,95743.0
566,566,573,"Ciao, Professore! (Io speriamo che me la cavo) (1992)",Drama,107225,23637.0
567,567,574,Spanking the Monkey (1994),Comedy|Drama,111252,17600.0
568,568,575,"Little Rascals, The (1994)",Children|Comedy,110366,10897.0
569,569,576,Fausto (1993),Comedy,106878,349394.0
570,570,577,Andre (1994),Adventure|Children|Drama,109120,21352.0
571,571,579,"Escort, The (Scorta, La) (1993)",Crime|Thriller,108059,68806.0
572,572,580,Princess Caraboo (1994),Drama,110892,37345.0
573,573,581,"Celluloid Closet, The (1995)",Documentary,112651,32562.0
574,574,582,Métisse (Café au Lait) (1993),Comedy|Drama,107642,47507.0
575,575,583,Dear Diary (Caro Diario) (1994),Comedy|Drama,109382,25403.0
576,576,584,I Don't Want to Talk About It (De eso no se habla) (1993),Drama|Romance,106678,124304.0
577,577,585,"Brady Bunch Movie, The (1995)",Comedy,112572,9066.0
578,578,586,Home Alone (1990),Children|Comedy,99785,771.0
579,579,587,Ghost (1990),Comedy|Drama|Fantasy|Romance|Thriller,99653,251.0
580,580,588,Aladdin (1992),Adventure|Animation|Children|Comedy|Musical,103639,812.0
581,581,589,Terminator 2: Judgment Day (1991),Action|Sci-Fi,103064,280.0
582,582,590,Dances with Wolves (1990),Adventure|Drama|Western,99348,581.0
583,583,591,Tough and Deadly (1995),Action|Drama|Thriller,114706,80350.0
584,584,592,Batman (1989),Action|Crime|Thriller,96895,268.0
585,585,593,"Silence of the Lambs, The (1991)",Crime|Horror|Thriller,102926,274.0
586,586,594,Snow White and the Seven Dwarfs (1937),Animation|Children|Drama|Fantasy|Musical,29583,408.0
587,587,595,Beauty and the Beast (1991),Animation|Children|Fantasy|Musical|Romance|IMAX,101414,10020.0
588,588,596,Pinocchio (1940),Animation|Children|Fantasy|Musical,32910,10895.0
589,589,597,Pretty Woman (1990),Comedy|Romance,100405,114.0
590,590,598,Window to Paris (Okno v Parizh) (1994),Comedy|Fantasy,110719,41043.0
591,591,599,"Wild Bunch, The (1969)",Adventure|Western,65214,576.0
592,592,600,Love and a .45 (1994),Action|Comedy|Crime,110395,15477.0
593,593,601,"Wooden Man's Bride, The (Yan shen) (1994)",Drama,111752,59146.0
594,594,602,"Great Day in Harlem, A (1994)",Documentary,109934,124472.0
595,595,603,"Bye Bye, Love (1995)",Comedy,112606,30528.0
596,596,604,Criminals (1996),Documentary,115978,538286.0
597,597,605,One Fine Day (1996),Drama|Romance,117247,7300.0
598,598,606,Candyman: Farewell to the Flesh (1995),Fantasy|Horror,112625,10824.0
599,599,607,Century (1993),Drama,106537,261246.0
600,600,608,Fargo (1996),Comedy|Crime|Drama|Thriller,116282,275.0
601,601,609,Homeward Bound II: Lost in San Francisco (1996),Adventure|Children,116552,25059.0
602,602,610,Heavy Metal (1981),Action|Adventure|Animation|Horror|Sci-Fi,82509,11827.0
603,603,611,Hellraiser: Bloodline (1996),Action|Horror|Sci-Fi,116514,8766.0
604,604,612,"Pallbearer, The (1996)",Comedy,117283,23570.0
605,605,613,Jane Eyre (1996),Drama|Romance,116684,47333.0
606,606,614,Loaded (1994),Drama|Thriller,110374,54850.0
607,607,615,Bread and Chocolate (Pane e cioccolata) (1973),Comedy|Drama,70506,51242.0
608,608,616,"Aristocats, The (1970)",Animation|Children,65421,10112.0
609,609,617,"Flower of My Secret, The (La flor de mi secreto) (1995)",Comedy|Drama,113083,4307.0
610,610,618,Two Much (1995),Comedy|Romance,118001,46029.0
611,611,619,Ed (1996),Comedy,116165,32308.0
612,612,620,Scream of Stone (Cerro Torre: Schrei aus Stein) (1991),Drama,102855,88893.0
613,613,621,My Favorite Season (1993),Drama,107471,52873.0
614,614,623,"Modern Affair, A (1995)",Romance,113839,123505.0
615,615,625,Asfour Stah (1990),Drama,90665,44281.0
616,616,626,"Thin Line Between Love and Hate, A (1996)",Comedy,117891,28121.0
617,617,627,"Last Supper, The (1995)",Drama|Thriller,113613,12520.0
618,618,628,Primal Fear (1996),Crime|Drama|Mystery|Thriller,117381,1592.0
619,619,629,Rude (1995),Drama,114305,166901.0
620,620,630,Carried Away (1996),Drama|Romance,115837,36447.0
621,621,631,All Dogs Go to Heaven 2 (1996),Adventure|Animation|Children|Fantasy|Musical|Romance,115509,19042.0
622,622,632,Land and Freedom (Tierra y libertad) (1995),Drama|War,114671,38884.0
623,623,633,Denise Calls Up (1995),Comedy,112844,47449.0
624,624,634,Theodore Rex (1995),Comedy,114658,36259.0
625,625,635,"Family Thing, A (1996)",Comedy|Drama,116275,41852.0
626,626,636,Frisk (1995),Drama,113122,40926.0
627,627,637,Sgt. Bilko (1996),Comedy,117608,9099.0
628,628,638,Jack and Sarah (1995),Romance,113448,2021.0
629,629,639,Girl 6 (1996),Comedy|Drama,116414,61752.0
630,630,640,Diabolique (1996),Drama|Thriller,116095,10988.0
631,631,641,"Little Indian, Big City (Un indien dans la ville) (1994)",Adventure|Children|Comedy,111543,11479.0
632,632,642,Roula (1995),Drama,117517,398959.0
633,633,643,Peanuts - Die Bank zahlt alles (1996),Comedy,117312,287305.0
634,634,644,Happy Weekend (1996),Comedy,116485,339428.0
635,635,645,Nelly & Monsieur Arnaud (1995),Drama,113947,12652.0
636,636,647,Courage Under Fire (1996),Action|Crime|Drama|War,115956,10684.0
637,637,648,Mission: Impossible (1996),Action|Adventure|Mystery|Thriller,117060,954.0
638,638,649,Cold Fever (Á köldum klaka) (1995),Comedy|Drama,109028,68445.0
639,639,650,Moll Flanders (1996),Drama,117071,18989.0
640,640,651,"Superweib, Das (1996)",Comedy,117788,10801.0
641,641,652,"301, 302 (301/302) (1995)",Horror|Mystery|Thriller,112257,54285.0
642,642,653,Dragonheart (1996),Action|Adventure|Fantasy,116136,8840.0
643,643,654,And Nobody Weeps for Me (Und keiner weint mir nach) (1996),Drama|Romance,118026,278978.0
644,644,655,My Mother's Courage (Mutters Courage) (1995),Comedy,117117,124625.0
645,645,656,Eddie (1996),Comedy,116168,11107.0
646,646,657,Yankee Zulu (1994),Comedy|Drama,111787,16417.0
647,647,658,Billy's Holiday (1995),Drama|Musical,112509,70934.0
648,648,659,Purple Noon (Plein soleil) (1960),Crime|Drama|Thriller,54189,10363.0
649,649,660,August (1996),Drama,115591,161070.0
650,650,661,James and the Giant Peach (1996),Adventure|Animation|Children|Fantasy|Musical,116683,10539.0
651,651,662,Fear (1996),Thriller,116287,10543.0
652,652,663,Kids in the Hall: Brain Candy (1996),Comedy,116768,18414.0
653,653,664,Faithful (1996),Comedy,116269,47502.0
654,654,665,Underground (1995),Comedy|Drama|War,114787,11902.0
655,655,666,All Things Fair (Lust och fägring stor) (1995),Drama|Romance|War,113720,27098.0
656,656,667,Bloodsport 2 (a.k.a. Bloodsport II: The Next Kumite) (1996),Action,112536,25087.0
657,657,668,Song of the Little Road (Pather Panchali) (1955),Drama,48473,5801.0
658,658,670,"World of Apu, The (Apur Sansar) (1959)",Drama,52572,896.0
659,659,671,Mystery Science Theater 3000: The Movie (1996),Comedy|Sci-Fi,117128,3065.0
660,660,672,Tarantella (1995),Drama,114616,318177.0
661,661,673,Space Jam (1996),Adventure|Animation|Children|Comedy|Fantasy|Sci-Fi,117705,2300.0
662,662,674,Barbarella (1968),Adventure|Comedy|Sci-Fi,62711,8069.0
663,663,675,Hostile Intentions (1994),Action|Drama|Thriller,110061,288173.0
664,664,676,They Bite (1996),Comedy|Horror|Sci-Fi,140614,187851.0
665,665,678,Some Folks Call It a Sling Blade (1993),Drama|Thriller,108181,27768.0
666,666,679,"Run of the Country, The (1995)",Drama,114307,221917.0
667,667,680,"Alphaville (Alphaville, une étrange aventure de Lemmy Caution) (1965)",Drama|Mystery|Romance|Sci-Fi|Thriller,58898,8072.0
668,668,681,Coup de torchon (Clean Slate) (1981),Crime,82206,35797.0
669,669,682,Tigrero: A Film That Was Never Made (1994),Documentary|Drama,111430,88030.0
670,670,683,"Eye of Vichy, The (Oeil de Vichy, L') (1993)",Documentary,107727,185191.0
671,671,684,Windows (1980),Drama,81759,83857.0
672,672,685,It's My Party (1996),Drama,113443,33245.0
673,673,687,Country Life (1994),Drama|Romance,109491,124460.0
674,674,688,Operation Dumbo Drop (1995),Action|Adventure|Comedy|War,114048,27281.0
675,675,690,"Promise, The (Versprechen, Das) (1995)",Drama|Romance,111613,105045.0
676,676,691,Mrs. Winterbourne (1996),Comedy|Romance,117104,40001.0
677,677,692,Solo (1996),Action|Sci-Fi|Thriller,117688,29621.0
678,678,693,Under the Domim Tree (Etz Hadomim Tafus) (1994),Drama,109751,117730.0
679,679,694,"Substitute, The (1996)",Action|Crime|Drama,117774,20762.0
680,680,695,True Crime (1996),Mystery|Thriller,114736,37144.0
681,681,696,Butterfly Kiss (1995),Drama|Thriller,112604,48260.0
682,682,697,Feeling Minnesota (1996),Drama|Romance,116289,12656.0
683,683,698,Delta of Venus (1995),Drama,109593,38867.0
684,684,699,To Cross the Rubicon (1991),Drama,103095,277270.0
685,685,700,Angus (1995),Comedy,112368,25969.0
686,686,701,Daens (1992),Drama,104046,44103.0
687,687,702,Faces (1968),Drama,62952,753.0
688,688,703,Boys (1996),Drama,115742,43634.0
689,689,704,"Quest, The (1996)",Action|Adventure,117420,9103.0
690,690,705,Cosi (1996),Comedy,115951,90214.0
691,691,706,Sunset Park (1996),Drama,117784,29649.0
692,692,707,Mulholland Falls (1996),Crime|Drama|Thriller,117107,10990.0
693,693,708,"Truth About Cats & Dogs, The (1996)",Comedy|Romance,117979,8866.0
694,694,709,Oliver & Company (1988),Adventure|Animation|Children|Comedy|Musical,95776,12233.0
695,695,710,Celtic Pride (1996),Comedy,115851,23449.0
696,696,711,Flipper (1996),Adventure|Children,116322,36355.0
697,697,712,Captives (1994),Crime|Drama|Romance|Thriller,109374,37667.0
698,698,713,Of Love and Shadows (1994),Drama,110712,90148.0
699,699,714,Dead Man (1995),Drama|Mystery|Western,112817,922.0
700,700,715,"Horseman on the Roof, The (Hussard sur le toit, Le) (1995)",Drama|Romance,113362,11876.0
701,701,716,Switchblade Sisters (1975),Crime,73778,52633.0
702,702,717,Mouth to Mouth (Boca a boca) (1995),Comedy,112546,62364.0
703,703,718,"Visitors, The (Visiteurs, Les) (1993)",Comedy|Fantasy|Sci-Fi,108500,11687.0
704,704,719,Multiplicity (1996),Comedy,117108,9304.0
705,705,720,Wallace & Gromit: The Best of Aardman Animation (1996),Adventure|Animation|Comedy,118114,503475.0
706,706,721,Halfmoon (Paul Bowles - Halbmond) (1995),Drama,114103,
707,707,722,"Haunted World of Edward D. Wood Jr., The (1996)",Documentary,113270,73183.0
708,708,723,Two Friends (1986),Drama,92123,131232.0
709,709,724,"Craft, The (1996)",Drama|Fantasy|Horror|Thriller,115963,9100.0
710,710,725,"Great White Hype, The (1996)",Comedy,116448,20759.0
711,711,726,Last Dance (1996),Drama,116827,46063.0
712,712,727,War Stories (1995),Documentary,114894,365371.0
713,713,728,Cold Comfort Farm (1995),Comedy,112701,32513.0
714,714,729,"Institute Benjamenta, or This Dream People Call Human Life (1995)",Drama,113429,40651.0
715,715,730,Low Life (1994),Drama,125877,
716,716,731,Heaven's Prisoners (1996),Crime|Thriller,116508,36915.0
717,717,732,Original Gangstas (1996),Crime,117260,40507.0
718,718,733,"Rock, The (1996)",Action|Adventure|Thriller,117500,9802.0
719,719,734,Getting Away With Murder (1996),Comedy,116405,25697.0
720,720,735,Cemetery Man (Dellamorte Dellamore) (1994),Horror,109592,21588.0
721,721,736,Twister (1996),Action|Adventure|Romance|Thriller,117998,664.0
722,722,737,Barb Wire (1996),Action|Sci-Fi,115624,11867.0
723,723,738,"Garçu, Le (1995)",Drama,113145,47119.0
724,724,739,Honey Moon (Honigmond) (1996),Comedy,116559,314352.0
725,725,741,Ghost in the Shell (Kôkaku kidôtai) (1995),Animation|Sci-Fi,113568,9323.0
726,726,742,Thinner (1996),Horror|Thriller,117894,10280.0
727,727,743,Spy Hard (1996),Comedy,117723,10535.0
728,728,744,Brothers in Trouble (1995),Drama,112586,124613.0
729,729,745,Wallace & Gromit: A Close Shave (1995),Animation|Children|Comedy,112691,532.0
730,730,746,Force of Evil (1948),Film-Noir,40366,26744.0
731,731,747,"Stupids, The (1996)",Comedy,117768,16299.0
732,732,748,"Arrival, The (1996)",Action|Sci-Fi|Thriller,115571,10547.0
733,733,749,"Man from Down Under, The (1943)",Drama,31612,245268.0
734,734,750,Dr. Strangelove or: How I Learned to Stop Worrying and Love the Bomb (1964),Comedy|War,57012,935.0
735,735,751,Careful (1992),Comedy|Horror,103926,55613.0
736,736,752,Vermont Is For Lovers (1992),Comedy|Documentary|Romance,105737,215107.0
737,737,753,"Month by the Lake, A (1995)",Comedy|Drama|Romance,113849,41007.0
738,738,754,Gold Diggers: The Secret of Bear Mountain (1995),Adventure|Children,113188,35645.0
739,739,755,Kim (1950),Children|Drama,42644,110465.0
740,740,756,Carmen Miranda: Bananas Is My Business (1994),Documentary,109381,255546.0
741,741,757,Ashes of Time (Dung che sai duk) (1994),Drama,109688,40751.0
742,742,758,"Jar, The (Khomreh) (1992)",Drama,104606,275096.0
743,743,759,Maya Lin: A Strong Clear Vision (1994),Documentary,110480,85778.0
744,744,760,Stalingrad (1993),Drama|War,108211,11101.0
745,745,761,"Phantom, The (1996)",Action|Adventure,117331,9826.0
746,746,762,Striptease (1996),Comedy|Crime,117765,9879.0
747,747,763,"Last of the High Kings, The (a.k.a. Summer Fling) (1996)",Comedy|Drama,116833,63564.0
748,748,764,Heavy (1995),Drama|Romance,113280,22621.0
749,749,765,Jack (1996),Comedy|Drama,116669,7095.0
750,750,766,I Shot Andy Warhol (1996),Drama,116594,26890.0
751,751,767,"Grass Harp, The (1995)",Comedy|Drama,113211,46732.0
752,752,768,Someone Else's America (1995),Drama,114494,124633.0
753,753,769,Marlene Dietrich: Shadow and Light (1996),Documentary,116992,581579.0
754,754,770,Costa Brava (1946),Drama,38426,
755,755,771,"Life Is Rosy (a.k.a. Life Is Beautiful) (Vie est belle, La) (1987)",Comedy|Drama,94265,202425.0
756,756,772,Quartier Mozart (1992),Comedy,105201,196940.0
757,757,773,Touki Bouki (1973),Drama,70820,77771.0
758,758,774,Wend Kuuni (a.k.a. God's Gift) (1982),Drama,84898,181083.0
759,759,775,Spirits of the Dead (1968),Horror|Mystery,63715,41225.0
760,760,776,Babyfever (1994),Comedy|Drama,109191,188589.0
761,761,777,Pharaoh's Army (1995),War,114122,87190.0
762,762,778,Trainspotting (1996),Comedy|Crime|Drama,117951,627.0
763,763,779,'Til There Was You (1997),Drama|Romance,118523,32872.0
764,764,780,Independence Day (a.k.a. ID4) (1996),Action|Adventure|Sci-Fi|Thriller,116629,602.0
765,765,781,Stealing Beauty (1996),Drama,117737,14553.0
766,766,782,"Fan, The (1996)",Drama|Thriller,116277,9566.0
767,767,783,"Hunchback of Notre Dame, The (1996)",Animation|Children|Drama|Musical|Romance,116583,10545.0
768,768,784,"Cable Guy, The (1996)",Comedy|Thriller,115798,9894.0
769,769,785,Kingpin (1996),Comedy,116778,11543.0
770,770,786,Eraser (1996),Action|Drama|Thriller,116213,9268.0
771,771,787,"Gate of Heavenly Peace, The (1995)",Documentary,113147,52059.0
772,772,788,"Nutty Professor, The (1996)",Comedy|Fantasy|Romance|Sci-Fi,117218,9327.0
773,773,789,"I, the Worst of All (Yo, la peor de todas) (1990)",Drama,100990,123763.0
774,774,790,"Unforgettable Summer, An (Un été inoubliable) (1994)",Drama,111546,81949.0
775,775,791,"Last Klezmer: Leopold Kozlowski, His Life and Music, The (1994)",Documentary,113610,
776,776,792,"Hungarian Fairy Tale, A (Hol volt, hol nem volt) (1987)",Fantasy,93199,42005.0
777,777,793,My Life and Times With Antonin Artaud (En compagnie d'Antonin Artaud) (1993),Drama,106810,124306.0
778,778,794,Midnight Dancers (Sibak) (1994),Comedy|Drama,111180,183955.0
779,779,795,Somebody to Love (1994),Drama,111237,44535.0
780,780,796,"Very Natural Thing, A (1974)",Drama,72362,44495.0
781,781,797,"Old Lady Who Walked in the Sea, The (Vieille qui marchait dans la mer, La) (1991)",Comedy,103207,78285.0
782,782,798,Daylight (1996),Action|Adventure|Drama|Thriller,116040,11228.0
783,783,799,"Frighteners, The (1996)",Comedy|Horror|Thriller,116365,10779.0
784,784,800,Lone Star (1996),Drama|Mystery|Western,116905,26748.0
785,785,801,Harriet the Spy (1996),Children|Comedy,116493,38223.0
786,786,802,Phenomenon (1996),Drama|Romance,117333,9294.0
787,787,803,Walking and Talking (1996),Comedy|Drama|Romance,118113,49963.0
788,788,804,She's the One (1996),Comedy|Romance,117628,11363.0
789,789,805,"Time to Kill, A (1996)",Drama|Thriller,117913,1645.0
790,790,806,American Buffalo (1996),Crime|Drama,115530,31546.0
791,791,807,"Rendezvous in Paris (Rendez-vous de Paris, Les) (1995)",Comedy|Romance,114266,77056.0
792,792,808,Alaska (1996),Adventure|Children,115493,36344.0
793,793,809,Fled (1996),Action|Adventure,116320,18550.0
794,794,810,Kazaam (1996),Children|Comedy|Fantasy,116756,11511.0
795,795,812,Magic Hunter (Büvös vadász) (1994),Drama,109356,172198.0
796,796,813,Larger Than Life (1996),Comedy,116823,34170.0
797,797,814,"Boy Called Hate, A (1995)",Drama,112568,281085.0
798,798,815,Power 98 (1996),Action|Mystery|Thriller,114170,109478.0
799,799,816,Two Deaths (1995),Drama,117999,124645.0
800,800,818,"Very Brady Sequel, A (1996)",Comedy,118073,12606.0
801,801,819,Stefano Quantestorie (1993),Comedy|Drama,108220,69895.0
802,802,820,"Death in the Garden (Mort en ce jardin, La) (1956)",Drama,49521,35206.0
803,803,821,"Crude Oasis, The (1995)",Drama|Romance,112746,525936.0
804,804,822,Hedd Wyn (1992),Drama|Romance|War,104403,151489.0
805,805,823,"Collector, The (La collectionneuse) (1967)",Drama,61495,4837.0
806,806,824,Kaspar Hauser (1993),Drama|Mystery,110246,12632.0
807,807,825,Regular Guys (Echte Kerle) (1996),Comedy|Romance,116164,9098.0
808,808,826,Women Robbers (Diebinnen) (1995),Drama,112865,282919.0
809,809,827,"Convent, The (O Convento) (1995)",Drama,112716,124614.0
810,810,828,"Adventures of Pinocchio, The (1996)",Adventure|Children,115472,18975.0
811,811,829,Joe's Apartment (1996),Comedy|Fantasy|Musical,116707,11962.0
812,812,830,"First Wives Club, The (1996)",Comedy,116313,2925.0
813,813,831,Stonewall (1995),Drama,114550,28628.0
814,814,832,Ransom (1996),Crime|Thriller,117438,3595.0
815,815,833,High School High (1996),Comedy,116531,9308.0
816,816,834,Phat Beach (1996),Comedy,117332,92381.0
817,817,835,Foxfire (1996),Drama,116353,18555.0
818,818,836,Chain Reaction (1996),Action|Adventure|Thriller,115857,12123.0
819,819,837,Matilda (1996),Children|Comedy|Fantasy,117008,10830.0
820,820,838,Emma (1996),Comedy|Drama|Romance,116191,3573.0
821,821,839,"Crow: City of Angels, The (1996)",Action|Thriller,115986,10546.0
822,822,840,House Arrest (1996),Children|Comedy,116571,18862.0
823,823,841,"Eyes Without a Face (Yeux sans visage, Les) (1959)",Horror,53459,31417.0
824,824,842,Tales from the Crypt Presents: Bordello of Blood (1996),Comedy|Horror,117826,9431.0
825,825,843,Lotto Land (1995),Drama,113695,124619.0
826,826,844,"Story of Xinghua, The (Xinghua san yue tian) (1994)",Drama,108227,297645.0
827,827,845,"Day the Sun Turned Cold, The (Tianguo niezi) (1994)",Drama,111424,48144.0
828,828,846,Flirt (1995),Drama,113080,46986.0
829,829,847,"Big Squeeze, The (1996)",Comedy|Drama,115680,144982.0
830,830,848,"Spitfire Grill, The (1996)",Drama,117718,47907.0
831,831,849,Escape from L.A. (1996),Action|Adventure|Sci-Fi|Thriller,116225,10061.0
832,832,850,Cyclo (Xich lo) (1995),Crime|Drama,112767,36266.0
833,833,851,Basquiat (1996),Drama,115632,549.0
834,834,852,Tin Cup (1996),Comedy|Drama|Romance,117918,10478.0
835,835,853,Dingo (1991),Drama,104109,66634.0
836,836,854,"Ballad of Narayama, The (Narayama Bushiko) (1958)",Drama,51980,116690.0
837,837,855,Every Other Weekend (Un week-end sur deux) (1990),Drama,100840,213917.0
838,838,856,Mille bolle blu (1993),Comedy,107575,145925.0
839,839,857,Crows and Sparrows (Wuya yu maque) (1949),Drama,42054,100914.0
840,840,858,"Godfather, The (1972)",Crime|Drama,68646,238.0
841,841,859,"Hippie Revolution, The (1996)",Documentary,116536,484245.0
842,842,860,"Maybe, Maybe Not (Bewegte Mann, Der) (1994)",Comedy,109255,159.0
843,843,861,Supercop (Police Story 3: Supercop) (Jing cha gu shi III: Chao ji jing cha) (1992),Action|Comedy|Crime|Thriller,104558,11134.0
844,844,862,Manny & Lo (1996),Drama,116985,88224.0
845,845,864,"Wife, The (1995)",Comedy|Drama,114936,132641.0
846,846,865,Small Faces (1996),Drama,114474,42758.0
847,847,866,Bound (1996),Crime|Drama|Romance|Thriller,115736,9303.0
848,848,867,Carpool (1996),Comedy|Crime,115836,23945.0
849,849,868,Death in Brunswick (1991),Comedy,101692,37820.0
850,850,869,Kansas City (1996),Crime|Drama|Musical|Thriller,116745,22479.0
851,851,870,Gone Fishin' (1997),Comedy,119214,9054.0
852,852,871,Lover's Knot (1996),Comedy,116934,241058.0
853,853,872,Vive L'Amour (Ai qing wan sui) (1994),Drama,109066,11985.0
854,854,873,Shadow of Angels (Schatten der Engel) (1976),Drama,75169,10232.0
855,855,874,Killer: A Journal of Murder (1995),Crime|Drama,113542,59569.0
856,856,875,Nothing to Lose (1994),Action|Crime|Drama,110693,410921.0
857,857,876,Supercop 2 (Project S) (Chao ji ji hua) (1993),Action|Comedy|Crime|Thriller,106544,38955.0
858,858,877,Girls Town (1996),Comedy|Drama,116418,110513.0
859,859,878,Bye-Bye (1995),Drama,112607,114089.0
860,860,879,"Relic, The (1997)",Horror|Thriller,120004,11015.0
861,861,880,"Island of Dr. Moreau, The (1996)",Sci-Fi|Thriller,116654,9306.0
862,862,881,First Kid (1996),Children|Comedy,116311,12559.0
863,863,882,"Trigger Effect, The (1996)",Drama|Thriller,117965,58770.0
864,864,884,Sweet Nothing (1996),Drama,114592,124851.0
865,865,885,Bogus (1996),Children|Drama|Fantasy,115725,3587.0
866,866,886,Bulletproof (1996),Action|Comedy|Crime,115783,10723.0
867,867,887,Talk of Angels (1998),Drama,120271,56077.0
868,868,889,1-900 (06) (1994),Drama|Romance,109001,101230.0
869,869,890,Baton Rouge (Bâton rouge) (1988),Thriller,94822,253632.0
870,870,891,Halloween: The Curse of Michael Myers (Halloween 6: The Curse of Michael Myers) (1995),Horror|Thriller,113253,10987.0
871,871,892,Twelfth Night (1996),Comedy|Drama|Romance,117991,44705.0
872,872,893,Mother Night (1996),Drama,117093,20318.0
873,873,894,Liebelei (1933),Romance,24252,43596.0
874,874,895,Venice/Venice (1992),Drama,105729,79782.0
875,875,896,Wild Reeds (Les roseaux sauvages) (1994),Drama,111019,26933.0
876,876,897,For Whom the Bell Tolls (1943),Adventure|Drama|Romance|War,35896,27854.0
877,877,898,"Philadelphia Story, The (1940)",Comedy|Drama|Romance,32904,981.0
878,878,899,Singin' in the Rain (1952),Comedy|Musical|Romance,45152,872.0
879,879,900,"American in Paris, An (1951)",Musical|Romance,43278,2769.0
880,880,901,Funny Face (1957),Comedy|Musical,50419,13320.0
881,881,902,Breakfast at Tiffany's (1961),Drama|Romance,54698,164.0
882,882,903,Vertigo (1958),Drama|Mystery|Romance|Thriller,52357,426.0
883,883,904,Rear Window (1954),Mystery|Thriller,47396,567.0
884,884,905,It Happened One Night (1934),Comedy|Romance,25316,3078.0
885,885,906,Gaslight (1944),Drama|Thriller,36855,13528.0
886,886,907,"Gay Divorcee, The (1934)",Comedy|Musical|Romance,25164,28288.0
887,887,908,North by Northwest (1959),Action|Adventure|Mystery|Romance|Thriller,53125,213.0
888,888,909,"Apartment, The (1960)",Comedy|Drama|Romance,53604,284.0
889,889,910,Some Like It Hot (1959),Comedy|Crime,53291,239.0
890,890,911,Charade (1963),Comedy|Crime|Mystery|Romance|Thriller,56923,4808.0
891,891,912,Casablanca (1942),Drama|Romance,34583,289.0
892,892,913,"Maltese Falcon, The (1941)",Film-Noir|Mystery,33870,963.0
893,893,914,My Fair Lady (1964),Comedy|Drama|Musical|Romance,58385,11113.0
894,894,915,Sabrina (1954),Comedy|Romance,47437,6620.0
895,895,916,Roman Holiday (1953),Comedy|Drama|Romance,46250,804.0
896,896,917,"Little Princess, The (1939)",Children|Drama,31580,26531.0
897,897,918,Meet Me in St. Louis (1944),Musical,37059,909.0
898,898,919,"Wizard of Oz, The (1939)",Adventure|Children|Fantasy|Musical,32138,630.0
899,899,920,Gone with the Wind (1939),Drama|Romance|War,31381,770.0
900,900,921,My Favorite Year (1982),Comedy,84370,31044.0
901,901,922,Sunset Blvd. (a.k.a. Sunset Boulevard) (1950),Drama|Film-Noir|Romance,43014,599.0
902,902,923,Citizen Kane (1941),Drama|Mystery,33467,15.0
903,903,924,2001: A Space Odyssey (1968),Adventure|Drama|Sci-Fi,62622,62.0
904,904,925,Golden Earrings (1947),Adventure|Romance|War,39428,121357.0
905,905,926,All About Eve (1950),Drama,42192,705.0
906,906,927,"Women, The (1939)",Comedy,32143,22490.0
907,907,928,Rebecca (1940),Drama|Mystery|Romance|Thriller,32976,223.0
908,908,929,Foreign Correspondent (1940),Drama|Film-Noir|Mystery|Thriller,32484,25670.0
909,909,930,Notorious (1946),Film-Noir|Romance|Thriller,38787,303.0
910,910,931,Spellbound (1945),Mystery|Romance|Thriller,38109,4174.0
911,911,932,"Affair to Remember, An (1957)",Drama|Romance,50105,8356.0
912,912,933,To Catch a Thief (1955),Crime|Mystery|Romance|Thriller,48728,381.0
913,913,934,Father of the Bride (1950),Comedy,42451,20758.0
914,914,935,"Band Wagon, The (1953)",Comedy|Musical,45537,29376.0
915,915,936,Ninotchka (1939),Comedy|Romance,31725,1859.0
916,916,937,Love in the Afternoon (1957),Comedy|Romance,50658,18299.0
917,917,938,Gigi (1958),Musical,51658,17281.0
918,918,939,"Reluctant Debutante, The (1958)",Comedy|Drama,52126,64382.0
919,919,940,"Adventures of Robin Hood, The (1938)",Action|Adventure|Romance,29843,10907.0
920,920,941,"Mark of Zorro, The (1940)",Adventure,32762,32093.0
921,921,942,Laura (1944),Crime|Film-Noir|Mystery,37008,1939.0
922,922,943,"Ghost and Mrs. Muir, The (1947)",Drama|Fantasy|Romance,39420,22292.0
923,923,944,Lost Horizon (1937),Drama,29162,3598.0
924,924,945,Top Hat (1935),Comedy|Musical|Romance,27125,3080.0
925,925,946,To Be or Not to Be (1942),Comedy|Drama|War,35446,198.0
926,926,947,My Man Godfrey (1936),Comedy|Romance,28010,13562.0
927,927,948,Giant (1956),Drama|Romance|Western,49261,1712.0
928,928,949,East of Eden (1955),Drama,48028,220.0
929,929,950,"Thin Man, The (1934)",Comedy|Crime,25878,3529.0
930,930,951,His Girl Friday (1940),Comedy|Romance,32599,3085.0
931,931,952,Around the World in 80 Days (1956),Adventure|Comedy,48960,2897.0
932,932,953,It's a Wonderful Life (1946),Children|Drama|Fantasy|Romance,38650,1585.0
933,933,954,Mr. Smith Goes to Washington (1939),Drama,31679,3083.0
934,934,955,Bringing Up Baby (1938),Comedy|Romance,29947,900.0
935,935,956,Penny Serenade (1941),Drama|Romance,34012,43795.0
936,936,957,"Scarlet Letter, The (1926)",Drama,17350,85638.0
937,937,958,Lady of Burlesque (1943),Comedy|Mystery,36094,50001.0
938,938,959,Of Human Bondage (1934),Drama,25586,43905.0
939,939,960,Angel on My Shoulder (1946),Crime|Drama,38300,22688.0
940,940,961,Little Lord Fauntleroy (1936),Drama,27893,23114.0
941,941,962,They Made Me a Criminal (1939),Crime|Drama,32022,26378.0
942,942,963,"Inspector General, The (1949)",Musical,41509,40206.0
943,943,964,Angel and the Badman (1947),Romance|Western,39152,22356.0
944,944,965,"39 Steps, The (1935)",Drama|Mystery|Thriller,26029,260.0
945,945,966,A Walk in the Sun (1945),Drama|War,38235,43488.0
946,946,967,"Outlaw, The (1943)",Western,36241,22613.0
947,947,968,Night of the Living Dead (1968),Horror|Sci-Fi|Thriller,63350,10331.0
948,948,969,"African Queen, The (1951)",Adventure|Comedy|Romance|War,43265,488.0
949,949,970,Beat the Devil (1953),Adventure|Comedy|Crime|Drama|Romance,46414,22733.0
950,950,971,Cat on a Hot Tin Roof (1958),Drama,51459,261.0
951,951,972,"Last Time I Saw Paris, The (1954)",Drama,47162,57575.0
952,952,973,Meet John Doe (1941),Comedy|Drama,33891,32574.0
953,953,974,Algiers (1938),Drama|Romance,29855,22657.0
954,954,975,Something to Sing About (1937),Comedy|Musical,29588,76464.0
955,955,976,"Farewell to Arms, A (1932)",Romance|War,22879,22649.0
956,956,977,Moonlight Murder (1936),Mystery,27980,176841.0
957,957,979,Nothing Personal (1995),Drama|War,114007,125587.0
958,958,980,"Yes, Madam (a.k.a. Police Assassins) (a.k.a. In the Line of Duty 2) (Huang gu shi jie) (1985)",Action,93229,39448.0
959,959,981,Dangerous Ground (1997),Drama,118927,52855.0
960,960,982,Picnic (1955),Drama,48491,39940.0
961,961,983,Madagascar Skin (1995),Romance,113730,172868.0
962,962,984,"Pompatus of Love, The (1996)",Comedy|Drama,117357,85328.0
963,963,985,Small Wonders (1995),Documentary,117669,124632.0
964,964,986,Fly Away Home (1996),Adventure|Children,116329,11076.0
965,965,987,Bliss (1997),Drama|Romance,118742,63945.0
966,966,988,Grace of My Heart (1996),Comedy|Drama,116442,58985.0
967,967,989,Brother of Sleep (Schlafes Bruder) (1995),Drama,114354,890.0
968,968,990,Maximum Risk (1996),Action|Adventure|Thriller,117011,10861.0
969,969,991,Michael Collins (1996),Drama,117039,1770.0
970,970,992,"Rich Man's Wife, The (1996)",Thriller,117473,44465.0
971,971,993,Infinity (1996),Drama,116635,2033.0
972,972,994,Big Night (1996),Comedy|Drama,115678,18203.0
973,973,996,Last Man Standing (1996),Action|Crime|Drama|Thriller,116830,9333.0
974,974,997,Caught (1996),Drama|Thriller,115847,47260.0
975,975,998,Set It Off (1996),Action|Crime,117603,9400.0
976,976,999,2 Days in the Valley (1996),Crime|Film-Noir,115438,9401.0
